{
  "exp1": {
    "dmd_residual_fro": 0.04275225338957403,
    "dmd_cond_A": 1.014008774136644,
    "rpe_dmd": 0.049898476347704515,
    "rpe_paper": 0.6621128306220408,
    "rpe_ours": 0.04399852201961165,
    "rmse_dmd": 0.027851540093641557,
    "rmse_paper": 0.34033717656331686,
    "rmse_ours": 0.025263934802640935,
    "tmodel_final_loss": 0.0012690287745028763,
    "A_fit": null,
    "M_fit": null,
    "paper": null,
    "ours": null,
    "figure": "C:\\Users\\zakbe\\Projects\\dmd-hodmd-incomplete\\results\\visual1_trajectories.png"
  },
  "exp2": {
    "dtaus": [
      0.05,
      0.1,
      0.5,
      1.0
    ],
    "rmse_discrete": [
      0.2911541725484422,
      0.2875344302216108,
      0.28111879284309865,
      610316.3762607472
    ],
    "rmse_model": [
      0.2946145205218052,
      0.29440827849254525,
      0.29272918364331363,
      42580631.19022384
    ],
    "empirical_order_slope": 3.767366204436833
  },
  "exp3": {
    "budgets": [
      5,
      50,
      200,
      1000
    ],
    "final_loss": [
      0.07637624716937917,
      0.0020273545333443295,
      0.001247716228203788,
      0.0012765328034241832
    ],
    "rpe_budget": [
      0.3590766387641476,
      0.06106140285451442,
      0.046234336015060745,
      0.04399852201961165
    ],
    "mean_rpe_seeds": 0.07945695017699872
  },
  "exp4": {
    "rows": [
      {
        "d": 1,
        "rpe": 0.049898476347704515,
        "rmse": 0.027851540093641557,
        "residual": 0.04275225338957403,
        "cond": 1.014008774136644
      },
      {
        "d": 2,
        "rpe": 1.6993921869859648e-10,
        "rmse": 8.74432424152735e-11,
        "residual": 5.383351482217275e-13,
        "cond": 28499.996964821712
      },
      {
        "d": 3,
        "rpe": 3.719496729529464e-12,
        "rmse": 1.901728706211047e-12,
        "residual": 2.6644812404383207e-14,
        "cond": 20.374057469381405
      },
      {
        "d": 4,
        "rpe": 2.3612859326167745e-13,
        "rmse": 1.365302253240035e-13,
        "residual": 4.4436154332378145e-14,
        "cond": 30.85947960170954
      }
    ],
    "rpe_dmd": 0.049898476347704515,
    "rpe_tmodel": 0.04399852201961165,
    "best": {
      "d": 4,
      "rpe": 2.3612859326167745e-13,
      "rmse": 1.365302253240035e-13,
      "residual": 4.4436154332378145e-14,
      "cond": 30.85947960170954
    }
  },
  "spectral": {
    "dmd_vs_true": {
      "freq_err": 0.0036768173602245158,
      "damp_err": 0.007607378384952665
    },
    "tm_vs_true": {
      "freq_err": 0.0053107300776287225,
      "damp_err": 0.05068333351396928
    }
  },
  "pareto": [
    [
      5,
      0.5090618999674916,
      0.3590766387641476
    ],
    [
      50,
      0.6941866999841295,
      0.06106140285451442
    ],
    [
      200,
      1.362489600025583,
      0.046234336015060745
    ],
    [
      1000,
      7.023626799986232,
      0.04399852201961165
    ],
    [
      2000,
      13.900906800001394,
      0.045094187084149966
    ]
  ]
}